-- =============================================
-- ULTRA SUPLEMENTOS ERP - DATOS SIMULADOS 3 MESES
-- Ejecutar DESPUÉS de 20260116100000_fresh_schema.sql
-- =============================================

-- =============================================
-- CATEGORÍAS
-- =============================================
INSERT INTO categories (id, name, icon, sort_order) VALUES
  ('ca7e0001-0000-0000-0000-000000000001', 'Proteínas', 'beef', 1),
  ('ca7e0001-0000-0000-0000-000000000002', 'Pre-Entreno', 'zap', 2),
  ('ca7e0001-0000-0000-0000-000000000003', 'Creatinas', 'dumbbell', 3),
  ('ca7e0001-0000-0000-0000-000000000004', 'Aminoácidos', 'pill', 4),
  ('ca7e0001-0000-0000-0000-000000000005', 'Vitaminas', 'heart-pulse', 5),
  ('ca7e0001-0000-0000-0000-000000000006', 'Quemadores', 'flame', 6),
  ('ca7e0001-0000-0000-0000-000000000007', 'Ganadores de Peso', 'trending-up', 7),
  ('ca7e0001-0000-0000-0000-000000000008', 'Barritas y Snacks', 'candy', 8),
  ('ca7e0001-0000-0000-0000-000000000009', 'Accesorios', 'shopping-bag', 9),
  ('ca7e0001-0000-0000-0000-000000000010', 'Bebidas Isotónicas', 'droplet', 10);

-- =============================================
-- PROVEEDORES
-- =============================================
INSERT INTO suppliers (id, business_name, contact_name, email, phone, address, city, cuit, notes) VALUES
  ('50550001-0000-0000-0000-000000000001', 'Distribuidora Fitness Argentina', 'Carlos Méndez', 'ventas@fitarg.com', '1155667788', 'Av. Córdoba 1234', 'CABA', '30-71234567-9', 'Proveedor principal de proteínas'),
  ('50550001-0000-0000-0000-000000000002', 'NutriPro Mayorista', 'Laura Gómez', 'pedidos@nutripro.com.ar', '1144556677', 'Ruta 9 Km 50', 'Campana', '30-71234568-0', 'Importador directo USA'),
  ('50550001-0000-0000-0000-000000000003', 'Suplementos del Litoral', 'Martín Rodríguez', 'info@suplitoral.com', '3424556677', 'Bv. Gálvez 890', 'Santa Fe', '30-71234569-1', 'Regional - entregas rápidas'),
  ('50550001-0000-0000-0000-000000000004', 'ENA Sport Distribuidor', 'Ana López', 'distribuidora@enasport.com', '1133445566', 'Panamericana Km 35', 'Pilar', '30-71234570-2', 'Marca ENA exclusivo'),
  ('50550001-0000-0000-0000-000000000005', 'Star Nutrition Oficial', 'Diego Fernández', 'mayorista@starnutrition.com.ar', '1122334455', 'Av. del Libertador 5000', 'CABA', '30-71234571-3', 'Marca Star Nutrition');

-- =============================================
-- PRODUCTOS (44 productos variados)
-- =============================================
INSERT INTO products (id, name, sku, barcode, category_id, purchase_price, sale_price, stock, min_stock, expiration_date) VALUES
  -- Proteínas (8)
  ('d00d0001-0000-0000-0000-000000000001', 'Whey Protein Star Nutrition 1kg Chocolate', 'WP-SN-1KG-CH', '7798001001001', 'ca7e0001-0000-0000-0000-000000000001', 18000, 28500, 15, 5, '2026-08-15'),
  ('d00d0001-0000-0000-0000-000000000002', 'Whey Protein Star Nutrition 1kg Vainilla', 'WP-SN-1KG-VA', '7798001001002', 'ca7e0001-0000-0000-0000-000000000001', 18000, 28500, 12, 5, '2026-09-20'),
  ('d00d0001-0000-0000-0000-000000000003', 'Whey Protein ENA 1kg Frutilla', 'WP-EN-1KG-FR', '7798001001003', 'ca7e0001-0000-0000-0000-000000000001', 16500, 26000, 8, 5, '2026-07-10'),
  ('d00d0001-0000-0000-0000-000000000004', 'Isolate Protein Star 2lb Chocolate', 'ISO-SN-2LB-CH', '7798001001004', 'ca7e0001-0000-0000-0000-000000000001', 32000, 48000, 6, 3, '2026-10-01'),
  ('d00d0001-0000-0000-0000-000000000005', 'Whey Protein Xtrenght 1kg Cookies', 'WP-XT-1KG-CK', '7798001001005', 'ca7e0001-0000-0000-0000-000000000001', 15000, 23500, 20, 5, '2026-06-30'),
  ('d00d0001-0000-0000-0000-000000000006', 'Caseína Star Nutrition 1kg', 'CAS-SN-1KG', '7798001001006', 'ca7e0001-0000-0000-0000-000000000001', 22000, 35000, 4, 3, '2026-11-15'),
  ('d00d0001-0000-0000-0000-000000000007', 'Beef Protein ENA 1kg', 'BP-EN-1KG', '7798001001007', 'ca7e0001-0000-0000-0000-000000000001', 20000, 32000, 7, 3, '2026-05-20'),
  ('d00d0001-0000-0000-0000-000000000008', 'Whey Protein 3kg Star Nutrition', 'WP-SN-3KG', '7798001001008', 'ca7e0001-0000-0000-0000-000000000001', 48000, 72000, 5, 2, '2026-12-01'),

  -- Pre-Entreno (5)
  ('d00d0001-0000-0000-0000-000000000009', 'Psychotic Pre-Workout 35srv', 'PSY-INS-35', '7798002001001', 'ca7e0001-0000-0000-0000-000000000002', 28000, 42000, 10, 3, '2026-04-15'),
  ('d00d0001-0000-0000-0000-000000000010', 'C4 Original Pre-Workout 30srv', 'C4-CEL-30', '7798002001002', 'ca7e0001-0000-0000-0000-000000000002', 25000, 38000, 8, 3, '2026-05-20'),
  ('d00d0001-0000-0000-0000-000000000011', 'Pre-Entreno ENA Citrus 300g', 'PRE-EN-300', '7798002001003', 'ca7e0001-0000-0000-0000-000000000002', 12000, 18500, 15, 5, '2026-03-10'),
  ('d00d0001-0000-0000-0000-000000000012', 'Flame Star Nutrition 300g', 'FLA-SN-300', '7798002001004', 'ca7e0001-0000-0000-0000-000000000002', 14000, 22000, 12, 5, '2026-06-25'),
  ('d00d0001-0000-0000-0000-000000000013', 'Nitro Tech Pre-Workout', 'NT-PRE-30', '7798002001005', 'ca7e0001-0000-0000-0000-000000000002', 30000, 45000, 5, 2, '2026-07-30'),

  -- Creatinas (5)
  ('d00d0001-0000-0000-0000-000000000014', 'Creatina Monohidrato Star 300g', 'CRE-SN-300', '7798003001001', 'ca7e0001-0000-0000-0000-000000000003', 8000, 13500, 25, 8, '2027-01-15'),
  ('d00d0001-0000-0000-0000-000000000015', 'Creatina ENA 300g', 'CRE-EN-300', '7798003001002', 'ca7e0001-0000-0000-0000-000000000003', 7500, 12000, 20, 8, '2027-02-20'),
  ('d00d0001-0000-0000-0000-000000000016', 'Creatina Micronizada 500g', 'CRE-MIC-500', '7798003001003', 'ca7e0001-0000-0000-0000-000000000003', 12000, 19000, 15, 5, '2027-03-10'),
  ('d00d0001-0000-0000-0000-000000000017', 'Cell-Tech Creactor', 'CT-CRE-120', '7798003001004', 'ca7e0001-0000-0000-0000-000000000003', 18000, 28000, 6, 3, '2026-08-15'),
  ('d00d0001-0000-0000-0000-000000000018', 'Creatina HCL 120caps', 'CRE-HCL-120', '7798003001005', 'ca7e0001-0000-0000-0000-000000000003', 15000, 24000, 8, 3, '2026-11-20'),

  -- Aminoácidos (5)
  ('d00d0001-0000-0000-0000-000000000019', 'BCAA Star Nutrition 120caps', 'BCAA-SN-120', '7798004001001', 'ca7e0001-0000-0000-0000-000000000004', 9000, 14500, 18, 5, '2026-09-15'),
  ('d00d0001-0000-0000-0000-000000000020', 'BCAA Powder 300g Fruit Punch', 'BCAA-PW-300', '7798004001002', 'ca7e0001-0000-0000-0000-000000000004', 11000, 17500, 14, 5, '2026-07-20'),
  ('d00d0001-0000-0000-0000-000000000021', 'Glutamina 300g', 'GLU-300', '7798004001003', 'ca7e0001-0000-0000-0000-000000000004', 10000, 16000, 12, 5, '2026-10-10'),
  ('d00d0001-0000-0000-0000-000000000022', 'L-Carnitina 500ml', 'LCAR-500', '7798004001004', 'ca7e0001-0000-0000-0000-000000000004', 8500, 13500, 20, 8, '2026-05-15'),
  ('d00d0001-0000-0000-0000-000000000023', 'EAA Essential Amino 300g', 'EAA-300', '7798004001005', 'ca7e0001-0000-0000-0000-000000000004', 14000, 22000, 8, 3, '2026-08-25'),

  -- Vitaminas (4)
  ('d00d0001-0000-0000-0000-000000000024', 'Multivitamínico Daily 60caps', 'MV-DAI-60', '7798005001001', 'ca7e0001-0000-0000-0000-000000000005', 6000, 9500, 30, 10, '2027-06-15'),
  ('d00d0001-0000-0000-0000-000000000025', 'Vitamina C 1000mg 100caps', 'VC-1000-100', '7798005001002', 'ca7e0001-0000-0000-0000-000000000005', 4500, 7500, 25, 10, '2027-08-20'),
  ('d00d0001-0000-0000-0000-000000000026', 'Zinc 50mg 60caps', 'ZN-50-60', '7798005001003', 'ca7e0001-0000-0000-0000-000000000005', 3500, 5800, 35, 10, '2027-04-10'),
  ('d00d0001-0000-0000-0000-000000000027', 'Vitamina D3 5000UI 60caps', 'VD3-5000-60', '7798005001004', 'ca7e0001-0000-0000-0000-000000000005', 5000, 8200, 28, 10, '2027-05-15'),

  -- Quemadores (4)
  ('d00d0001-0000-0000-0000-000000000028', 'Lipo 6 Black Ultra 60caps', 'L6B-60', '7798006001001', 'ca7e0001-0000-0000-0000-000000000006', 22000, 34000, 10, 3, '2026-06-15'),
  ('d00d0001-0000-0000-0000-000000000029', 'Hydroxycut Hardcore 60caps', 'HXC-HC-60', '7798006001002', 'ca7e0001-0000-0000-0000-000000000006', 20000, 31000, 8, 3, '2026-07-20'),
  ('d00d0001-0000-0000-0000-000000000030', 'Carnitina + Te Verde 60caps', 'CTG-60', '7798006001003', 'ca7e0001-0000-0000-0000-000000000006', 7000, 11500, 22, 8, '2026-09-10'),
  ('d00d0001-0000-0000-0000-000000000031', 'CLA 1000mg 90caps', 'CLA-90', '7798006001004', 'ca7e0001-0000-0000-0000-000000000006', 9000, 14500, 15, 5, '2026-11-15'),

  -- Ganadores (3)
  ('d00d0001-0000-0000-0000-000000000032', 'Mass Gainer 3kg Chocolate', 'MG-3KG-CH', '7798007001001', 'ca7e0001-0000-0000-0000-000000000007', 35000, 52000, 6, 2, '2026-08-20'),
  ('d00d0001-0000-0000-0000-000000000033', 'Serious Mass 2.7kg', 'SM-27KG', '7798007001002', 'ca7e0001-0000-0000-0000-000000000007', 42000, 62000, 4, 2, '2026-09-15'),
  ('d00d0001-0000-0000-0000-000000000034', 'Super Mass Gainer 1kg', 'SMG-1KG', '7798007001003', 'ca7e0001-0000-0000-0000-000000000007', 18000, 28000, 10, 3, '2026-07-25'),

  -- Barritas y Snacks (4)
  ('d00d0001-0000-0000-0000-000000000035', 'Barrita Proteica Star x12 unid', 'BP-SN-12', '7798008001001', 'ca7e0001-0000-0000-0000-000000000008', 8000, 12500, 20, 8, '2026-04-15'),
  ('d00d0001-0000-0000-0000-000000000036', 'Quest Bar Cookies x12', 'QB-CK-12', '7798008001002', 'ca7e0001-0000-0000-0000-000000000008', 18000, 27000, 8, 3, '2026-05-20'),
  ('d00d0001-0000-0000-0000-000000000037', 'Protein Chips x6 unid', 'PC-6', '7798008001003', 'ca7e0001-0000-0000-0000-000000000008', 6000, 9500, 15, 5, '2026-03-10'),
  ('d00d0001-0000-0000-0000-000000000038', 'Alfajor Proteico x10', 'AP-10', '7798008001004', 'ca7e0001-0000-0000-0000-000000000008', 5500, 8800, 25, 10, '2026-04-25'),

  -- Accesorios (3)
  ('d00d0001-0000-0000-0000-000000000039', 'Shaker Star Nutrition 700ml', 'SH-SN-700', '7798009001001', 'ca7e0001-0000-0000-0000-000000000009', 3500, 5800, 30, 10, NULL),
  ('d00d0001-0000-0000-0000-000000000040', 'Guantes de Entrenamiento M', 'GU-M', '7798009001002', 'ca7e0001-0000-0000-0000-000000000009', 8000, 12500, 12, 5, NULL),
  ('d00d0001-0000-0000-0000-000000000041', 'Correa de Levantamiento', 'CL-PAR', '7798009001003', 'ca7e0001-0000-0000-0000-000000000009', 6500, 10500, 15, 5, NULL),

  -- Bebidas Isotónicas (3)
  ('d00d0001-0000-0000-0000-000000000042', 'Gatorade Polvo 500g', 'GAT-500', '7798010001001', 'ca7e0001-0000-0000-0000-000000000010', 4000, 6500, 20, 8, '2026-12-15'),
  ('d00d0001-0000-0000-0000-000000000043', 'Powerade ION4 x6', 'POW-6', '7798010001002', 'ca7e0001-0000-0000-0000-000000000010', 3600, 5800, 25, 10, '2026-06-20'),
  ('d00d0001-0000-0000-0000-000000000044', 'Electrolit Suero Oral x6', 'ELE-6', '7798010001003', 'ca7e0001-0000-0000-0000-000000000010', 4200, 6800, 18, 8, '2026-08-10');

-- =============================================
-- CLIENTES
-- =============================================
INSERT INTO customers (id, full_name, email, phone, dni, address, city, notes) VALUES
  ('c0570001-0000-0000-0000-000000000001', 'Martín García', 'martin.garcia@email.com', '3434551122', '35678901', 'Av. Almafuerte 456', 'Paraná', 'Cliente frecuente - entrena en Iron Gym'),
  ('c0570001-0000-0000-0000-000000000002', 'Luciana Rodríguez', 'lu.rodriguez@email.com', '3434552233', '38901234', 'Urquiza 789', 'Paraná', 'Preferencia: productos veganos'),
  ('c0570001-0000-0000-0000-000000000003', 'Federico López', 'fede.lopez@email.com', '3434553344', '32456789', 'San Martín 123', 'Paraná', 'Compra para gimnasio propio'),
  ('c0570001-0000-0000-0000-000000000004', 'Camila Fernández', 'cami.fer@email.com', '3434554455', '40123456', 'Buenos Aires 567', 'Paraná', ''),
  ('c0570001-0000-0000-0000-000000000005', 'Diego Martínez', 'diego.mtz@email.com', '3434555566', '33789012', 'España 890', 'Paraná', 'Powerlifter - compra creatina mensual'),
  ('c0570001-0000-0000-0000-000000000006', 'Valentina Torres', 'vale.torres@email.com', '3434556677', '41234567', 'Italia 234', 'Paraná', ''),
  ('c0570001-0000-0000-0000-000000000007', 'Nicolás Sánchez', 'nico.sanchez@email.com', '3434557788', '34567890', 'Corrientes 678', 'Paraná', 'Atleta amateur - descuento 10%'),
  ('c0570001-0000-0000-0000-000000000008', 'Sofía Ramírez', 'sofi.ramirez@email.com', '3434558899', '39012345', 'Entre Ríos 901', 'Paraná', 'CrossFit'),
  ('c0570001-0000-0000-0000-000000000009', 'Joaquín Pérez', 'joaco.perez@email.com', '3434559900', '36789012', 'La Paz 345', 'Paraná', ''),
  ('c0570001-0000-0000-0000-000000000010', 'María José Gómez', 'majo.gomez@email.com', '3434550011', '42345678', 'Mitre 678', 'Paraná', 'Personal trainer');

-- =============================================
-- PROFILE PARA DATOS HISTÓRICOS
-- =============================================
INSERT INTO profiles (id, full_name, email, role) VALUES
  ('00000000-0000-0000-0000-000000000099', 'Sistema (Datos Históricos)', 'sistema@ultrasuplementos.com', 'owner');

-- =============================================
-- SESIONES DE CAJA - OCTUBRE 2025
-- =============================================
INSERT INTO cash_sessions (id, opened_by, opened_at, closed_at, closed_by, opening_balance, total_sales, total_cash_sales, total_card_sales, total_transfer_sales, total_mp_sales, expected_balance, actual_balance, difference, status) VALUES
  ('5e550001-0000-0000-2510-150000000001', '00000000-0000-0000-0000-000000000099', '2025-10-15 09:00:00-03', '2025-10-15 20:00:00-03', '00000000-0000-0000-0000-000000000099', 10000, 45600, 28500, 12100, 5000, 0, 38500, 38500, 0, 'closed'),
  ('5e550001-0000-0000-2510-160000000001', '00000000-0000-0000-0000-000000000099', '2025-10-16 09:00:00-03', '2025-10-16 20:00:00-03', '00000000-0000-0000-0000-000000000099', 10000, 38200, 22000, 10200, 6000, 0, 32000, 32000, 0, 'closed'),
  ('5e550001-0000-0000-2510-180000000001', '00000000-0000-0000-0000-000000000099', '2025-10-18 09:00:00-03', '2025-10-18 20:00:00-03', '00000000-0000-0000-0000-000000000099', 10000, 52800, 35200, 8600, 9000, 0, 45200, 45000, -200, 'closed'),
  ('5e550001-0000-0000-2510-210000000001', '00000000-0000-0000-0000-000000000099', '2025-10-21 09:00:00-03', '2025-10-21 20:00:00-03', '00000000-0000-0000-0000-000000000099', 10000, 41500, 26500, 9000, 6000, 0, 36500, 36500, 0, 'closed'),
  ('5e550001-0000-0000-2510-230000000001', '00000000-0000-0000-0000-000000000099', '2025-10-23 09:00:00-03', '2025-10-23 20:00:00-03', '00000000-0000-0000-0000-000000000099', 10000, 58900, 38900, 12000, 8000, 0, 48900, 49000, 100, 'closed'),
  ('5e550001-0000-0000-2510-250000000001', '00000000-0000-0000-0000-000000000099', '2025-10-25 09:00:00-03', '2025-10-25 20:00:00-03', '00000000-0000-0000-0000-000000000099', 10000, 67500, 42500, 15000, 10000, 0, 52500, 52500, 0, 'closed'),
  ('5e550001-0000-0000-2510-280000000001', '00000000-0000-0000-0000-000000000099', '2025-10-28 09:00:00-03', '2025-10-28 20:00:00-03', '00000000-0000-0000-0000-000000000099', 10000, 35800, 20800, 8000, 7000, 0, 30800, 30800, 0, 'closed'),
  ('5e550001-0000-0000-2510-300000000001', '00000000-0000-0000-0000-000000000099', '2025-10-30 09:00:00-03', '2025-10-30 20:00:00-03', '00000000-0000-0000-0000-000000000099', 10000, 48200, 30200, 10000, 8000, 0, 40200, 40200, 0, 'closed');

-- =============================================
-- SESIONES DE CAJA - NOVIEMBRE 2025
-- =============================================
INSERT INTO cash_sessions (id, opened_by, opened_at, closed_at, closed_by, opening_balance, total_sales, total_cash_sales, total_card_sales, total_transfer_sales, total_mp_sales, expected_balance, actual_balance, difference, status) VALUES
  ('5e550001-0000-0000-2511-010000000001', '00000000-0000-0000-0000-000000000099', '2025-11-01 09:00:00-03', '2025-11-01 20:00:00-03', '00000000-0000-0000-0000-000000000099', 10000, 72500, 45500, 15000, 12000, 0, 55500, 55500, 0, 'closed'),
  ('5e550001-0000-0000-2511-040000000001', '00000000-0000-0000-0000-000000000099', '2025-11-04 09:00:00-03', '2025-11-04 20:00:00-03', '00000000-0000-0000-0000-000000000099', 10000, 44800, 28800, 10000, 6000, 0, 38800, 38800, 0, 'closed'),
  ('5e550001-0000-0000-2511-060000000001', '00000000-0000-0000-0000-000000000099', '2025-11-06 09:00:00-03', '2025-11-06 20:00:00-03', '00000000-0000-0000-0000-000000000099', 10000, 51200, 32200, 11000, 8000, 0, 42200, 42000, -200, 'closed'),
  ('5e550001-0000-0000-2511-080000000001', '00000000-0000-0000-0000-000000000099', '2025-11-08 09:00:00-03', '2025-11-08 20:00:00-03', '00000000-0000-0000-0000-000000000099', 10000, 63800, 40800, 13000, 10000, 0, 50800, 50800, 0, 'closed'),
  ('5e550001-0000-0000-2511-110000000001', '00000000-0000-0000-0000-000000000099', '2025-11-11 09:00:00-03', '2025-11-11 20:00:00-03', '00000000-0000-0000-0000-000000000099', 10000, 38500, 24500, 8000, 6000, 0, 34500, 34500, 0, 'closed'),
  ('5e550001-0000-0000-2511-130000000001', '00000000-0000-0000-0000-000000000099', '2025-11-13 09:00:00-03', '2025-11-13 20:00:00-03', '00000000-0000-0000-0000-000000000099', 10000, 55600, 35600, 12000, 8000, 0, 45600, 45600, 0, 'closed'),
  ('5e550001-0000-0000-2511-150000000001', '00000000-0000-0000-0000-000000000099', '2025-11-15 09:00:00-03', '2025-11-15 20:00:00-03', '00000000-0000-0000-0000-000000000099', 10000, 78900, 50900, 16000, 12000, 0, 60900, 61000, 100, 'closed'),
  ('5e550001-0000-0000-2511-180000000001', '00000000-0000-0000-0000-000000000099', '2025-11-18 09:00:00-03', '2025-11-18 20:00:00-03', '00000000-0000-0000-0000-000000000099', 10000, 42300, 27300, 9000, 6000, 0, 37300, 37300, 0, 'closed'),
  ('5e550001-0000-0000-2511-200000000001', '00000000-0000-0000-0000-000000000099', '2025-11-20 09:00:00-03', '2025-11-20 20:00:00-03', '00000000-0000-0000-0000-000000000099', 10000, 49800, 31800, 10000, 8000, 0, 41800, 41800, 0, 'closed'),
  ('5e550001-0000-0000-2511-220000000001', '00000000-0000-0000-0000-000000000099', '2025-11-22 09:00:00-03', '2025-11-22 20:00:00-03', '00000000-0000-0000-0000-000000000099', 10000, 68500, 43500, 15000, 10000, 0, 53500, 53500, 0, 'closed'),
  ('5e550001-0000-0000-2511-250000000001', '00000000-0000-0000-0000-000000000099', '2025-11-25 09:00:00-03', '2025-11-25 20:00:00-03', '00000000-0000-0000-0000-000000000099', 10000, 45200, 28200, 10000, 7000, 0, 38200, 38200, 0, 'closed'),
  ('5e550001-0000-0000-2511-270000000001', '00000000-0000-0000-0000-000000000099', '2025-11-27 09:00:00-03', '2025-11-27 20:00:00-03', '00000000-0000-0000-0000-000000000099', 10000, 52600, 33600, 11000, 8000, 0, 43600, 43600, 0, 'closed'),
  ('5e550001-0000-0000-2511-290000000001', '00000000-0000-0000-0000-000000000099', '2025-11-29 09:00:00-03', '2025-11-29 20:00:00-03', '00000000-0000-0000-0000-000000000099', 10000, 85200, 55200, 18000, 12000, 0, 65200, 65200, 0, 'closed');

-- =============================================
-- SESIONES DE CAJA - DICIEMBRE 2025
-- =============================================
INSERT INTO cash_sessions (id, opened_by, opened_at, closed_at, closed_by, opening_balance, total_sales, total_cash_sales, total_card_sales, total_transfer_sales, total_mp_sales, expected_balance, actual_balance, difference, status) VALUES
  ('5e550001-0000-0000-2512-020000000001', '00000000-0000-0000-0000-000000000099', '2025-12-02 09:00:00-03', '2025-12-02 20:00:00-03', '00000000-0000-0000-0000-000000000099', 10000, 58900, 38900, 12000, 8000, 0, 48900, 48900, 0, 'closed'),
  ('5e550001-0000-0000-2512-040000000001', '00000000-0000-0000-0000-000000000099', '2025-12-04 09:00:00-03', '2025-12-04 20:00:00-03', '00000000-0000-0000-0000-000000000099', 10000, 47500, 30500, 10000, 7000, 0, 40500, 40500, 0, 'closed'),
  ('5e550001-0000-0000-2512-060000000001', '00000000-0000-0000-0000-000000000099', '2025-12-06 09:00:00-03', '2025-12-06 20:00:00-03', '00000000-0000-0000-0000-000000000099', 10000, 72800, 47800, 15000, 10000, 0, 57800, 57800, 0, 'closed'),
  ('5e550001-0000-0000-2512-090000000001', '00000000-0000-0000-0000-000000000099', '2025-12-09 09:00:00-03', '2025-12-09 20:00:00-03', '00000000-0000-0000-0000-000000000099', 10000, 55200, 35200, 12000, 8000, 0, 45200, 45200, 0, 'closed'),
  ('5e550001-0000-0000-2512-110000000001', '00000000-0000-0000-0000-000000000099', '2025-12-11 09:00:00-03', '2025-12-11 20:00:00-03', '00000000-0000-0000-0000-000000000099', 10000, 63500, 40500, 14000, 9000, 0, 50500, 50300, -200, 'closed'),
  ('5e550001-0000-0000-2512-130000000001', '00000000-0000-0000-0000-000000000099', '2025-12-13 09:00:00-03', '2025-12-13 20:00:00-03', '00000000-0000-0000-0000-000000000099', 10000, 89500, 58500, 18000, 13000, 0, 68500, 68500, 0, 'closed'),
  ('5e550001-0000-0000-2512-160000000001', '00000000-0000-0000-0000-000000000099', '2025-12-16 09:00:00-03', '2025-12-16 20:00:00-03', '00000000-0000-0000-0000-000000000099', 10000, 52800, 33800, 11000, 8000, 0, 43800, 43800, 0, 'closed'),
  ('5e550001-0000-0000-2512-180000000001', '00000000-0000-0000-0000-000000000099', '2025-12-18 09:00:00-03', '2025-12-18 20:00:00-03', '00000000-0000-0000-0000-000000000099', 10000, 78200, 50200, 16000, 12000, 0, 60200, 60200, 0, 'closed'),
  ('5e550001-0000-0000-2512-200000000001', '00000000-0000-0000-0000-000000000099', '2025-12-20 09:00:00-03', '2025-12-20 20:00:00-03', '00000000-0000-0000-0000-000000000099', 10000, 95800, 62800, 20000, 13000, 0, 72800, 72800, 0, 'closed'),
  ('5e550001-0000-0000-2512-230000000001', '00000000-0000-0000-0000-000000000099', '2025-12-23 09:00:00-03', '2025-12-23 20:00:00-03', '00000000-0000-0000-0000-000000000099', 10000, 112500, 72500, 25000, 15000, 0, 82500, 82500, 0, 'closed'),
  ('5e550001-0000-0000-2512-260000000001', '00000000-0000-0000-0000-000000000099', '2025-12-26 09:00:00-03', '2025-12-26 20:00:00-03', '00000000-0000-0000-0000-000000000099', 10000, 68500, 43500, 15000, 10000, 0, 53500, 53500, 0, 'closed'),
  ('5e550001-0000-0000-2512-280000000001', '00000000-0000-0000-0000-000000000099', '2025-12-28 09:00:00-03', '2025-12-28 20:00:00-03', '00000000-0000-0000-0000-000000000099', 10000, 75200, 48200, 16000, 11000, 0, 58200, 58200, 0, 'closed'),
  ('5e550001-0000-0000-2512-300000000001', '00000000-0000-0000-0000-000000000099', '2025-12-30 09:00:00-03', '2025-12-30 20:00:00-03', '00000000-0000-0000-0000-000000000099', 10000, 82600, 53600, 17000, 12000, 0, 63600, 63600, 0, 'closed');

-- =============================================
-- SESIONES DE CAJA - ENERO 2026
-- =============================================
INSERT INTO cash_sessions (id, opened_by, opened_at, closed_at, closed_by, opening_balance, total_sales, total_cash_sales, total_card_sales, total_transfer_sales, total_mp_sales, expected_balance, actual_balance, difference, status) VALUES
  ('5e550001-0000-0000-2601-020000000001', '00000000-0000-0000-0000-000000000099', '2026-01-02 09:00:00-03', '2026-01-02 20:00:00-03', '00000000-0000-0000-0000-000000000099', 10000, 98500, 63500, 22000, 13000, 0, 73500, 73500, 0, 'closed'),
  ('5e550001-0000-0000-2601-040000000001', '00000000-0000-0000-0000-000000000099', '2026-01-04 09:00:00-03', '2026-01-04 20:00:00-03', '00000000-0000-0000-0000-000000000099', 10000, 72800, 47800, 15000, 10000, 0, 57800, 57800, 0, 'closed'),
  ('5e550001-0000-0000-2601-060000000001', '00000000-0000-0000-0000-000000000099', '2026-01-06 09:00:00-03', '2026-01-06 20:00:00-03', '00000000-0000-0000-0000-000000000099', 10000, 65200, 42200, 14000, 9000, 0, 52200, 52200, 0, 'closed'),
  ('5e550001-0000-0000-2601-080000000001', '00000000-0000-0000-0000-000000000099', '2026-01-08 09:00:00-03', '2026-01-08 20:00:00-03', '00000000-0000-0000-0000-000000000099', 10000, 78900, 50900, 17000, 11000, 0, 60900, 61000, 100, 'closed'),
  ('5e550001-0000-0000-2601-100000000001', '00000000-0000-0000-0000-000000000099', '2026-01-10 09:00:00-03', '2026-01-10 20:00:00-03', '00000000-0000-0000-0000-000000000099', 10000, 85600, 55600, 18000, 12000, 0, 65600, 65600, 0, 'closed'),
  ('5e550001-0000-0000-2601-130000000001', '00000000-0000-0000-0000-000000000099', '2026-01-13 09:00:00-03', '2026-01-13 20:00:00-03', '00000000-0000-0000-0000-000000000099', 10000, 58200, 37200, 12000, 9000, 0, 47200, 47200, 0, 'closed'),
  ('5e550001-0000-0000-2601-150000000001', '00000000-0000-0000-0000-000000000099', '2026-01-15 09:00:00-03', '2026-01-15 20:00:00-03', '00000000-0000-0000-0000-000000000099', 10000, 62500, 40500, 13000, 9000, 0, 50500, 50500, 0, 'closed');

-- =============================================
-- VENTAS - OCTUBRE 2025
-- =============================================
INSERT INTO sales (id, sale_number, customer_id, cash_session_id, subtotal, discount_amount, total, payment_method, created_by, created_at) VALUES
  ('5a1e0001-0000-0000-2510-150000000001', 'VTA-20251015-001', 'c0570001-0000-0000-0000-000000000001', '5e550001-0000-0000-2510-150000000001', 28500, 0, 28500, 'cash', '00000000-0000-0000-0000-000000000099', '2025-10-15 10:30:00-03'),
  ('5a1e0001-0000-0000-2510-150000000002', 'VTA-20251015-002', NULL, '5e550001-0000-0000-2510-150000000001', 12100, 0, 12100, 'debit', '00000000-0000-0000-0000-000000000099', '2025-10-15 14:15:00-03'),
  ('5a1e0001-0000-0000-2510-150000000003', 'VTA-20251015-003', 'c0570001-0000-0000-0000-000000000005', '5e550001-0000-0000-2510-150000000001', 5000, 0, 5000, 'transfer', '00000000-0000-0000-0000-000000000099', '2025-10-15 17:45:00-03'),
  ('5a1e0001-0000-0000-2510-180000000001', 'VTA-20251018-001', 'c0570001-0000-0000-0000-000000000003', '5e550001-0000-0000-2510-180000000001', 35200, 0, 35200, 'cash', '00000000-0000-0000-0000-000000000099', '2025-10-18 11:00:00-03'),
  ('5a1e0001-0000-0000-2510-180000000002', 'VTA-20251018-002', NULL, '5e550001-0000-0000-2510-180000000001', 8600, 0, 8600, 'credit', '00000000-0000-0000-0000-000000000099', '2025-10-18 15:30:00-03'),
  ('5a1e0001-0000-0000-2510-180000000003', 'VTA-20251018-003', 'c0570001-0000-0000-0000-000000000007', '5e550001-0000-0000-2510-180000000001', 9000, 0, 9000, 'transfer', '00000000-0000-0000-0000-000000000099', '2025-10-18 18:00:00-03'),
  ('5a1e0001-0000-0000-2510-250000000001', 'VTA-20251025-001', 'c0570001-0000-0000-0000-000000000002', '5e550001-0000-0000-2510-250000000001', 42500, 0, 42500, 'cash', '00000000-0000-0000-0000-000000000099', '2025-10-25 10:15:00-03'),
  ('5a1e0001-0000-0000-2510-250000000002', 'VTA-20251025-002', NULL, '5e550001-0000-0000-2510-250000000001', 15000, 0, 15000, 'debit', '00000000-0000-0000-0000-000000000099', '2025-10-25 12:30:00-03'),
  ('5a1e0001-0000-0000-2510-250000000003', 'VTA-20251025-003', 'c0570001-0000-0000-0000-000000000004', '5e550001-0000-0000-2510-250000000001', 10000, 0, 10000, 'transfer', '00000000-0000-0000-0000-000000000099', '2025-10-25 16:00:00-03');

-- =============================================
-- VENTAS - NOVIEMBRE 2025
-- =============================================
INSERT INTO sales (id, sale_number, customer_id, cash_session_id, subtotal, discount_amount, total, payment_method, created_by, created_at) VALUES
  ('5a1e0001-0000-0000-2511-010000000001', 'VTA-20251101-001', 'c0570001-0000-0000-0000-000000000001', '5e550001-0000-0000-2511-010000000001', 45500, 0, 45500, 'cash', '00000000-0000-0000-0000-000000000099', '2025-11-01 10:00:00-03'),
  ('5a1e0001-0000-0000-2511-010000000002', 'VTA-20251101-002', 'c0570001-0000-0000-0000-000000000006', '5e550001-0000-0000-2511-010000000001', 15000, 0, 15000, 'credit', '00000000-0000-0000-0000-000000000099', '2025-11-01 13:30:00-03'),
  ('5a1e0001-0000-0000-2511-010000000003', 'VTA-20251101-003', NULL, '5e550001-0000-0000-2511-010000000001', 12000, 0, 12000, 'transfer', '00000000-0000-0000-0000-000000000099', '2025-11-01 17:15:00-03'),
  ('5a1e0001-0000-0000-2511-080000000001', 'VTA-20251108-001', 'c0570001-0000-0000-0000-000000000003', '5e550001-0000-0000-2511-080000000001', 40800, 0, 40800, 'cash', '00000000-0000-0000-0000-000000000099', '2025-11-08 11:00:00-03'),
  ('5a1e0001-0000-0000-2511-080000000002', 'VTA-20251108-002', NULL, '5e550001-0000-0000-2511-080000000001', 13000, 0, 13000, 'debit', '00000000-0000-0000-0000-000000000099', '2025-11-08 14:45:00-03'),
  ('5a1e0001-0000-0000-2511-080000000003', 'VTA-20251108-003', 'c0570001-0000-0000-0000-000000000010', '5e550001-0000-0000-2511-080000000001', 10000, 0, 10000, 'transfer', '00000000-0000-0000-0000-000000000099', '2025-11-08 18:30:00-03'),
  ('5a1e0001-0000-0000-2511-150000000001', 'VTA-20251115-001', 'c0570001-0000-0000-0000-000000000005', '5e550001-0000-0000-2511-150000000001', 50900, 0, 50900, 'cash', '00000000-0000-0000-0000-000000000099', '2025-11-15 10:30:00-03'),
  ('5a1e0001-0000-0000-2511-150000000002', 'VTA-20251115-002', 'c0570001-0000-0000-0000-000000000008', '5e550001-0000-0000-2511-150000000001', 16000, 0, 16000, 'credit', '00000000-0000-0000-0000-000000000099', '2025-11-15 14:00:00-03'),
  ('5a1e0001-0000-0000-2511-150000000003', 'VTA-20251115-003', NULL, '5e550001-0000-0000-2511-150000000001', 12000, 0, 12000, 'transfer', '00000000-0000-0000-0000-000000000099', '2025-11-15 17:30:00-03'),
  ('5a1e0001-0000-0000-2511-290000000001', 'VTA-20251129-001', 'c0570001-0000-0000-0000-000000000002', '5e550001-0000-0000-2511-290000000001', 55200, 0, 55200, 'cash', '00000000-0000-0000-0000-000000000099', '2025-11-29 10:00:00-03'),
  ('5a1e0001-0000-0000-2511-290000000002', 'VTA-20251129-002', 'c0570001-0000-0000-0000-000000000004', '5e550001-0000-0000-2511-290000000001', 18000, 0, 18000, 'debit', '00000000-0000-0000-0000-000000000099', '2025-11-29 12:30:00-03'),
  ('5a1e0001-0000-0000-2511-290000000003', 'VTA-20251129-003', NULL, '5e550001-0000-0000-2511-290000000001', 12000, 0, 12000, 'transfer', '00000000-0000-0000-0000-000000000099', '2025-11-29 16:00:00-03');

-- =============================================
-- VENTAS - DICIEMBRE 2025
-- =============================================
INSERT INTO sales (id, sale_number, customer_id, cash_session_id, subtotal, discount_amount, total, payment_method, created_by, created_at) VALUES
  ('5a1e0001-0000-0000-2512-060000000001', 'VTA-20251206-001', 'c0570001-0000-0000-0000-000000000007', '5e550001-0000-0000-2512-060000000001', 47800, 0, 47800, 'cash', '00000000-0000-0000-0000-000000000099', '2025-12-06 10:30:00-03'),
  ('5a1e0001-0000-0000-2512-060000000002', 'VTA-20251206-002', NULL, '5e550001-0000-0000-2512-060000000001', 15000, 0, 15000, 'credit', '00000000-0000-0000-0000-000000000099', '2025-12-06 14:00:00-03'),
  ('5a1e0001-0000-0000-2512-060000000003', 'VTA-20251206-003', 'c0570001-0000-0000-0000-000000000009', '5e550001-0000-0000-2512-060000000001', 10000, 0, 10000, 'transfer', '00000000-0000-0000-0000-000000000099', '2025-12-06 18:00:00-03'),
  ('5a1e0001-0000-0000-2512-130000000001', 'VTA-20251213-001', 'c0570001-0000-0000-0000-000000000001', '5e550001-0000-0000-2512-130000000001', 58500, 0, 58500, 'cash', '00000000-0000-0000-0000-000000000099', '2025-12-13 10:00:00-03'),
  ('5a1e0001-0000-0000-2512-130000000002', 'VTA-20251213-002', 'c0570001-0000-0000-0000-000000000003', '5e550001-0000-0000-2512-130000000001', 18000, 0, 18000, 'debit', '00000000-0000-0000-0000-000000000099', '2025-12-13 13:30:00-03'),
  ('5a1e0001-0000-0000-2512-130000000003', 'VTA-20251213-003', NULL, '5e550001-0000-0000-2512-130000000001', 13000, 0, 13000, 'transfer', '00000000-0000-0000-0000-000000000099', '2025-12-13 17:00:00-03'),
  ('5a1e0001-0000-0000-2512-200000000001', 'VTA-20251220-001', 'c0570001-0000-0000-0000-000000000005', '5e550001-0000-0000-2512-200000000001', 62800, 0, 62800, 'cash', '00000000-0000-0000-0000-000000000099', '2025-12-20 10:30:00-03'),
  ('5a1e0001-0000-0000-2512-200000000002', 'VTA-20251220-002', 'c0570001-0000-0000-0000-000000000010', '5e550001-0000-0000-2512-200000000001', 20000, 0, 20000, 'credit', '00000000-0000-0000-0000-000000000099', '2025-12-20 14:00:00-03'),
  ('5a1e0001-0000-0000-2512-200000000003', 'VTA-20251220-003', NULL, '5e550001-0000-0000-2512-200000000001', 13000, 0, 13000, 'transfer', '00000000-0000-0000-0000-000000000099', '2025-12-20 17:30:00-03'),
  ('5a1e0001-0000-0000-2512-230000000001', 'VTA-20251223-001', 'c0570001-0000-0000-0000-000000000002', '5e550001-0000-0000-2512-230000000001', 72500, 0, 72500, 'cash', '00000000-0000-0000-0000-000000000099', '2025-12-23 10:00:00-03'),
  ('5a1e0001-0000-0000-2512-230000000002', 'VTA-20251223-002', 'c0570001-0000-0000-0000-000000000006', '5e550001-0000-0000-2512-230000000001', 25000, 0, 25000, 'debit', '00000000-0000-0000-0000-000000000099', '2025-12-23 12:30:00-03'),
  ('5a1e0001-0000-0000-2512-230000000003', 'VTA-20251223-003', 'c0570001-0000-0000-0000-000000000008', '5e550001-0000-0000-2512-230000000001', 15000, 0, 15000, 'transfer', '00000000-0000-0000-0000-000000000099', '2025-12-23 16:00:00-03');

-- =============================================
-- VENTAS - ENERO 2026
-- =============================================
INSERT INTO sales (id, sale_number, customer_id, cash_session_id, subtotal, discount_amount, total, payment_method, created_by, created_at) VALUES
  ('5a1e0001-0000-0000-2601-020000000001', 'VTA-20260102-001', 'c0570001-0000-0000-0000-000000000001', '5e550001-0000-0000-2601-020000000001', 63500, 0, 63500, 'cash', '00000000-0000-0000-0000-000000000099', '2026-01-02 10:30:00-03'),
  ('5a1e0001-0000-0000-2601-020000000002', 'VTA-20260102-002', NULL, '5e550001-0000-0000-2601-020000000001', 22000, 0, 22000, 'credit', '00000000-0000-0000-0000-000000000099', '2026-01-02 14:00:00-03'),
  ('5a1e0001-0000-0000-2601-020000000003', 'VTA-20260102-003', 'c0570001-0000-0000-0000-000000000007', '5e550001-0000-0000-2601-020000000001', 13000, 0, 13000, 'transfer', '00000000-0000-0000-0000-000000000099', '2026-01-02 17:30:00-03'),
  ('5a1e0001-0000-0000-2601-100000000001', 'VTA-20260110-001', 'c0570001-0000-0000-0000-000000000003', '5e550001-0000-0000-2601-100000000001', 55600, 0, 55600, 'cash', '00000000-0000-0000-0000-000000000099', '2026-01-10 10:00:00-03'),
  ('5a1e0001-0000-0000-2601-100000000002', 'VTA-20260110-002', 'c0570001-0000-0000-0000-000000000004', '5e550001-0000-0000-2601-100000000001', 18000, 0, 18000, 'debit', '00000000-0000-0000-0000-000000000099', '2026-01-10 13:30:00-03'),
  ('5a1e0001-0000-0000-2601-100000000003', 'VTA-20260110-003', NULL, '5e550001-0000-0000-2601-100000000001', 12000, 0, 12000, 'transfer', '00000000-0000-0000-0000-000000000099', '2026-01-10 17:00:00-03'),
  ('5a1e0001-0000-0000-2601-150000000001', 'VTA-20260115-001', 'c0570001-0000-0000-0000-000000000005', '5e550001-0000-0000-2601-150000000001', 40500, 0, 40500, 'cash', '00000000-0000-0000-0000-000000000099', '2026-01-15 10:30:00-03'),
  ('5a1e0001-0000-0000-2601-150000000002', 'VTA-20260115-002', 'c0570001-0000-0000-0000-000000000009', '5e550001-0000-0000-2601-150000000001', 13000, 0, 13000, 'credit', '00000000-0000-0000-0000-000000000099', '2026-01-15 14:00:00-03'),
  ('5a1e0001-0000-0000-2601-150000000003', 'VTA-20260115-003', NULL, '5e550001-0000-0000-2601-150000000001', 9000, 0, 9000, 'transfer', '00000000-0000-0000-0000-000000000099', '2026-01-15 17:30:00-03');

-- =============================================
-- ITEMS DE VENTA
-- =============================================
ALTER TABLE sale_items DISABLE TRIGGER trigger_update_stock_on_sale;

INSERT INTO sale_items (id, sale_id, product_id, product_name, product_sku, quantity, unit_price, subtotal) VALUES
  ('1a7e0001-0000-0000-2510-150000000001', '5a1e0001-0000-0000-2510-150000000001', 'd00d0001-0000-0000-0000-000000000001', 'Whey Protein Star Nutrition 1kg Chocolate', 'WP-SN-1KG-CH', 1, 28500, 28500),
  ('1a7e0001-0000-0000-2510-150000000002', '5a1e0001-0000-0000-2510-150000000002', 'd00d0001-0000-0000-0000-000000000014', 'Creatina Monohidrato Star 300g', 'CRE-SN-300', 1, 13500, 13500),
  ('1a7e0001-0000-0000-2510-150000000003', '5a1e0001-0000-0000-2510-150000000003', 'd00d0001-0000-0000-0000-000000000039', 'Shaker Star Nutrition 700ml', 'SH-SN-700', 1, 5800, 5800),
  ('1a7e0001-0000-0000-2510-180000000001', '5a1e0001-0000-0000-2510-180000000001', 'd00d0001-0000-0000-0000-000000000004', 'Isolate Protein Star 2lb Chocolate', 'ISO-SN-2LB-CH', 1, 48000, 48000),
  ('1a7e0001-0000-0000-2510-180000000002', '5a1e0001-0000-0000-2510-180000000002', 'd00d0001-0000-0000-0000-000000000019', 'BCAA Star Nutrition 120caps', 'BCAA-SN-120', 1, 14500, 14500),
  ('1a7e0001-0000-0000-2510-250000000001', '5a1e0001-0000-0000-2510-250000000001', 'd00d0001-0000-0000-0000-000000000002', 'Whey Protein Star Nutrition 1kg Vainilla', 'WP-SN-1KG-VA', 1, 28500, 28500),
  ('1a7e0001-0000-0000-2510-250000000002', '5a1e0001-0000-0000-2510-250000000001', 'd00d0001-0000-0000-0000-000000000014', 'Creatina Monohidrato Star 300g', 'CRE-SN-300', 1, 13500, 13500),
  ('1a7e0001-0000-0000-2511-010000000001', '5a1e0001-0000-0000-2511-010000000001', 'd00d0001-0000-0000-0000-000000000001', 'Whey Protein Star Nutrition 1kg Chocolate', 'WP-SN-1KG-CH', 1, 28500, 28500),
  ('1a7e0001-0000-0000-2511-010000000002', '5a1e0001-0000-0000-2511-010000000001', 'd00d0001-0000-0000-0000-000000000011', 'Pre-Entreno ENA Citrus 300g', 'PRE-EN-300', 1, 18500, 18500),
  ('1a7e0001-0000-0000-2511-150000000001', '5a1e0001-0000-0000-2511-150000000001', 'd00d0001-0000-0000-0000-000000000009', 'Psychotic Pre-Workout 35srv', 'PSY-INS-35', 1, 42000, 42000),
  ('1a7e0001-0000-0000-2511-150000000002', '5a1e0001-0000-0000-2511-150000000001', 'd00d0001-0000-0000-0000-000000000024', 'Multivitamínico Daily 60caps', 'MV-DAI-60', 1, 9500, 9500),
  ('1a7e0001-0000-0000-2511-290000000001', '5a1e0001-0000-0000-2511-290000000001', 'd00d0001-0000-0000-0000-000000000008', 'Whey Protein 3kg Star Nutrition', 'WP-SN-3KG', 1, 72000, 72000),
  ('1a7e0001-0000-0000-2512-230000000001', '5a1e0001-0000-0000-2512-230000000001', 'd00d0001-0000-0000-0000-000000000008', 'Whey Protein 3kg Star Nutrition', 'WP-SN-3KG', 1, 72000, 72000),
  ('1a7e0001-0000-0000-2601-020000000001', '5a1e0001-0000-0000-2601-020000000001', 'd00d0001-0000-0000-0000-000000000001', 'Whey Protein Star Nutrition 1kg Chocolate', 'WP-SN-1KG-CH', 2, 28500, 57000),
  ('1a7e0001-0000-0000-2601-020000000002', '5a1e0001-0000-0000-2601-020000000001', 'd00d0001-0000-0000-0000-000000000039', 'Shaker Star Nutrition 700ml', 'SH-SN-700', 1, 5800, 5800),
  ('1a7e0001-0000-0000-2601-150000000001', '5a1e0001-0000-0000-2601-150000000001', 'd00d0001-0000-0000-0000-000000000003', 'Whey Protein ENA 1kg Frutilla', 'WP-EN-1KG-FR', 1, 26000, 26000),
  ('1a7e0001-0000-0000-2601-150000000002', '5a1e0001-0000-0000-2601-150000000001', 'd00d0001-0000-0000-0000-000000000014', 'Creatina Monohidrato Star 300g', 'CRE-SN-300', 1, 13500, 13500);

ALTER TABLE sale_items ENABLE TRIGGER trigger_update_stock_on_sale;

-- =============================================
-- COMPRAS
-- =============================================
INSERT INTO purchases (id, purchase_number, supplier_id, total, payment_method, payment_status, purchase_date, created_by, created_at) VALUES
  ('b0ca0001-0000-0000-2510-100000000001', 'COM-20251010-001', '50550001-0000-0000-0000-000000000001', 450000, 'transfer', 'paid', '2025-10-10', '00000000-0000-0000-0000-000000000099', '2025-10-10 10:00:00-03'),
  ('b0ca0001-0000-0000-2510-250000000001', 'COM-20251025-001', '50550001-0000-0000-0000-000000000005', 280000, 'transfer', 'paid', '2025-10-25', '00000000-0000-0000-0000-000000000099', '2025-10-25 11:00:00-03'),
  ('b0ca0001-0000-0000-2511-100000000001', 'COM-20251110-001', '50550001-0000-0000-0000-000000000003', 180000, 'cash', 'paid', '2025-11-10', '00000000-0000-0000-0000-000000000099', '2025-11-10 10:30:00-03'),
  ('b0ca0001-0000-0000-2511-280000000001', 'COM-20251128-001', '50550001-0000-0000-0000-000000000002', 520000, 'transfer', 'paid', '2025-11-28', '00000000-0000-0000-0000-000000000099', '2025-11-28 09:00:00-03'),
  ('b0ca0001-0000-0000-2512-150000000001', 'COM-20251215-001', '50550001-0000-0000-0000-000000000001', 380000, 'transfer', 'paid', '2025-12-15', '00000000-0000-0000-0000-000000000099', '2025-12-15 10:00:00-03'),
  ('b0ca0001-0000-0000-2601-050000000001', 'COM-20260105-001', '50550001-0000-0000-0000-000000000004', 290000, 'transfer', 'paid', '2026-01-05', '00000000-0000-0000-0000-000000000099', '2026-01-05 11:00:00-03');

-- =============================================
-- ITEMS DE COMPRA
-- =============================================
INSERT INTO purchase_items (id, purchase_id, product_id, quantity, unit_cost, subtotal) VALUES
  ('b17e0001-0000-0000-2510-100000000001', 'b0ca0001-0000-0000-2510-100000000001', 'd00d0001-0000-0000-0000-000000000001', 20, 18000, 360000),
  ('b17e0001-0000-0000-2510-100000000002', 'b0ca0001-0000-0000-2510-100000000001', 'd00d0001-0000-0000-0000-000000000014', 10, 8000, 80000),
  ('b17e0001-0000-0000-2510-250000000001', 'b0ca0001-0000-0000-2510-250000000001', 'd00d0001-0000-0000-0000-000000000009', 10, 28000, 280000),
  ('b17e0001-0000-0000-2511-100000000001', 'b0ca0001-0000-0000-2511-100000000001', 'd00d0001-0000-0000-0000-000000000011', 15, 12000, 180000),
  ('b17e0001-0000-0000-2511-280000000001', 'b0ca0001-0000-0000-2511-280000000001', 'd00d0001-0000-0000-0000-000000000002', 15, 18000, 270000),
  ('b17e0001-0000-0000-2511-280000000002', 'b0ca0001-0000-0000-2511-280000000001', 'd00d0001-0000-0000-0000-000000000003', 10, 16500, 165000),
  ('b17e0001-0000-0000-2512-150000000001', 'b0ca0001-0000-0000-2512-150000000001', 'd00d0001-0000-0000-0000-000000000008', 5, 48000, 240000),
  ('b17e0001-0000-0000-2512-150000000002', 'b0ca0001-0000-0000-2512-150000000001', 'd00d0001-0000-0000-0000-000000000014', 20, 8000, 160000),
  ('b17e0001-0000-0000-2601-050000000001', 'b0ca0001-0000-0000-2601-050000000001', 'd00d0001-0000-0000-0000-000000000004', 6, 32000, 192000),
  ('b17e0001-0000-0000-2601-050000000002', 'b0ca0001-0000-0000-2601-050000000001', 'd00d0001-0000-0000-0000-000000000019', 10, 9000, 90000);

-- =============================================
-- ACTUALIZAR CONTADORES
-- =============================================
UPDATE app_settings SET value = '{"current": 46}'::jsonb WHERE key = 'sale_counter';
UPDATE app_settings SET value = '{"current": 7}'::jsonb WHERE key = 'purchase_counter';

-- =============================================
-- FIN DEL SEED
-- =============================================
